cell_id,subject_id,workload_id,mode,run_id,external_wall_seconds,internal_wall_seconds,cpu_seconds,peak_rss_bytes,initialization_seconds,production_seconds,audit_seconds,serialization_hashing_seconds,audit_bytes,event_ledger_bytes,production_residual,production_tangent,production_trial,audit_residual,audit_tangent,audit_trial,output_fingerprint,trajectory_fingerprint,pass_flag
P5D-S01-SMALL-M0,JSS-S01,S01-SMALL,M0_AUDIT_OFF,run_01,3.047422199975699,1.1682880820000037,0.660708228,190545920,0.15260793200002354,0.0262679190000199,0.0,0.0,0,0,7,5,7,0,0,0,7295b789b512137d81251f4a1ad7bfa9cb25892364221a554dbad9381b71c444,9cb9c51bcb7e8529295c13da80d60e83ae0894c8ec5b849b3912e36cc561f54f,True
P5D-S01-SMALL-M0,JSS-S01,S01-SMALL,M0_AUDIT_OFF,run_02,3.0238727999385446,1.1561744470000122,0.643135256,190496768,0.15107929999999214,0.02408368099997915,0.0,0.0,0,0,7,5,7,0,0,0,7295b789b512137d81251f4a1ad7bfa9cb25892364221a554dbad9381b71c444,9cb9c51bcb7e8529295c13da80d60e83ae0894c8ec5b849b3912e36cc561f54f,True
P5D-S01-SMALL-M0,JSS-S01,S01-SMALL,M0_AUDIT_OFF,run_03,2.9665554999373853,1.2365360699999997,0.691818716,190685184,0.16683083700002044,0.023522577999983696,0.0,0.0,0,0,7,5,7,0,0,0,7295b789b512137d81251f4a1ad7bfa9cb25892364221a554dbad9381b71c444,9cb9c51bcb7e8529295c13da80d60e83ae0894c8ec5b849b3912e36cc561f54f,True
P5D-S01-SMALL-M0,JSS-S01,S01-SMALL,M0_AUDIT_OFF,run_04,3.036213600076735,1.1962422619999984,0.671383022,190803968,0.15194444100001192,0.031074154000009457,0.0,0.0,0,0,7,5,7,0,0,0,7295b789b512137d81251f4a1ad7bfa9cb25892364221a554dbad9381b71c444,9cb9c51bcb7e8529295c13da80d60e83ae0894c8ec5b849b3912e36cc561f54f,True
P5D-S01-SMALL-M0,JSS-S01,S01-SMALL,M0_AUDIT_OFF,run_05,2.9697122999932617,1.223359352999978,0.696889674,190345216,0.17090318100002833,0.02541438800000151,0.0,0.0,0,0,7,5,7,0,0,0,7295b789b512137d81251f4a1ad7bfa9cb25892364221a554dbad9381b71c444,9cb9c51bcb7e8529295c13da80d60e83ae0894c8ec5b849b3912e36cc561f54f,True
P5D-S01-SMALL-M0,JSS-S01,S01-SMALL,M0_AUDIT_OFF,run_06,3.118904900038615,1.2958219109999618,0.7495283500000001,190857216,0.16788632499998357,0.025747329000012087,0.0,0.0,0,0,7,5,7,0,0,0,7295b789b512137d81251f4a1ad7bfa9cb25892364221a554dbad9381b71c444,9cb9c51bcb7e8529295c13da80d60e83ae0894c8ec5b849b3912e36cc561f54f,True
P5D-S01-SMALL-M0,JSS-S01,S01-SMALL,M0_AUDIT_OFF,run_07,2.94370250008069,1.268237959999965,0.70065588,190832640,0.15930914299997312,0.028749209000011433,0.0,0.0,0,0,7,5,7,0,0,0,7295b789b512137d81251f4a1ad7bfa9cb25892364221a554dbad9381b71c444,9cb9c51bcb7e8529295c13da80d60e83ae0894c8ec5b849b3912e36cc561f54f,True
P5D-S01-SMALL-M0,JSS-S01,S01-SMALL,M0_AUDIT_OFF,run_08,3.0547776999883354,1.1806766509999989,0.657610946,190750720,0.1656402929999672,0.02797406399997726,0.0,0.0,0,0,7,5,7,0,0,0,7295b789b512137d81251f4a1ad7bfa9cb25892364221a554dbad9381b71c444,9cb9c51bcb7e8529295c13da80d60e83ae0894c8ec5b849b3912e36cc561f54f,True
P5D-S01-SMALL-M0,JSS-S01,S01-SMALL,M0_AUDIT_OFF,run_09,2.9100023000501096,1.2148590049999939,0.6778396,190836736,0.17177950699999656,0.024995379000017692,0.0,0.0,0,0,7,5,7,0,0,0,7295b789b512137d81251f4a1ad7bfa9cb25892364221a554dbad9381b71c444,9cb9c51bcb7e8529295c13da80d60e83ae0894c8ec5b849b3912e36cc561f54f,True
P5D-S01-SMALL-M0,JSS-S01,S01-SMALL,M0_AUDIT_OFF,run_10,2.9334178999997675,1.200520728000015,0.6859914749999999,190586880,0.15012430900003437,0.028833313999996335,0.0,0.0,0,0,7,5,7,0,0,0,7295b789b512137d81251f4a1ad7bfa9cb25892364221a554dbad9381b71c444,9cb9c51bcb7e8529295c13da80d60e83ae0894c8ec5b849b3912e36cc561f54f,True
P5D-S01-SMALL-M3,JSS-S01,S01-SMALL,M3_GENERIC_REPLAY,run_01,3.070513900136575,1.194447292999996,0.6695373600000001,191340544,0.15855329999999412,0.025909847000036734,0.0037748050000345756,3.130200002487982e-05,640,0,7,5,7,2,2,2,7295b789b512137d81251f4a1ad7bfa9cb25892364221a554dbad9381b71c444,9cb9c51bcb7e8529295c13da80d60e83ae0894c8ec5b849b3912e36cc561f54f,True
P5D-S01-SMALL-M3,JSS-S01,S01-SMALL,M3_GENERIC_REPLAY,run_02,3.0476534999907017,1.2475646319999782,0.719056106,190844928,0.1700208959999827,0.026877702000035697,0.00465739800006304,3.209800001968688e-05,640,0,7,5,7,2,2,2,7295b789b512137d81251f4a1ad7bfa9cb25892364221a554dbad9381b71c444,9cb9c51bcb7e8529295c13da80d60e83ae0894c8ec5b849b3912e36cc561f54f,True
P5D-S01-SMALL-M3,JSS-S01,S01-SMALL,M3_GENERIC_REPLAY,run_03,2.871591799892485,1.1426910060000068,0.6372542600000001,190623744,0.14701701100000264,0.024514034999981504,0.00349529900000789,2.7499999987412593e-05,640,0,7,5,7,2,2,2,7295b789b512137d81251f4a1ad7bfa9cb25892364221a554dbad9381b71c444,9cb9c51bcb7e8529295c13da80d60e83ae0894c8ec5b849b3912e36cc561f54f,True
P5D-S01-SMALL-M3,JSS-S01,S01-SMALL,M3_GENERIC_REPLAY,run_04,3.0271884000394493,1.1613951969999903,0.6490310530000001,190533632,0.15902745099998583,0.026083618999962255,0.004038538000088465,2.8376000045682304e-05,640,0,7,5,7,2,2,2,7295b789b512137d81251f4a1ad7bfa9cb25892364221a554dbad9381b71c444,9cb9c51bcb7e8529295c13da80d60e83ae0894c8ec5b849b3912e36cc561f54f,True
P5D-S01-SMALL-M3,JSS-S01,S01-SMALL,M3_GENERIC_REPLAY,run_05,3.110819600056857,1.2190101510000204,0.683087602,190689280,0.16430591900001446,0.025246426000023803,0.003726035999989108,2.84509999914917e-05,640,0,7,5,7,2,2,2,7295b789b512137d81251f4a1ad7bfa9cb25892364221a554dbad9381b71c444,9cb9c51bcb7e8529295c13da80d60e83ae0894c8ec5b849b3912e36cc561f54f,True
P5D-S01-SMALL-M3,JSS-S01,S01-SMALL,M3_GENERIC_REPLAY,run_06,3.111411500023678,1.2647167869999976,0.7113154939999999,191381504,0.1632726670000011,0.02565327199999956,0.003870161999998345,3.152700003283826e-05,640,0,7,5,7,2,2,2,7295b789b512137d81251f4a1ad7bfa9cb25892364221a554dbad9381b71c444,9cb9c51bcb7e8529295c13da80d60e83ae0894c8ec5b849b3912e36cc561f54f,True
P5D-S01-SMALL-M3,JSS-S01,S01-SMALL,M3_GENERIC_REPLAY,run_07,3.00797210005112,1.2185831780000171,0.6765891629999999,191037440,0.16186325099999976,0.028795629999990524,0.004773237000051722,2.8081000039037463e-05,640,0,7,5,7,2,2,2,7295b789b512137d81251f4a1ad7bfa9cb25892364221a554dbad9381b71c444,9cb9c51bcb7e8529295c13da80d60e83ae0894c8ec5b849b3912e36cc561f54f,True
P5D-S01-SMALL-M3,JSS-S01,S01-SMALL,M3_GENERIC_REPLAY,run_08,3.073739599902183,1.2353507440000158,0.694619376,190394368,0.16632247100000086,0.026745269000002736,0.004154136000011022,3.2478000036917365e-05,640,0,7,5,7,2,2,2,7295b789b512137d81251f4a1ad7bfa9cb25892364221a554dbad9381b71c444,9cb9c51bcb7e8529295c13da80d60e83ae0894c8ec5b849b3912e36cc561f54f,True
P5D-S01-SMALL-M3,JSS-S01,S01-SMALL,M3_GENERIC_REPLAY,run_09,3.110033300006762,1.2546286649999843,0.711860419,190439424,0.15686505599995826,0.027276540999991994,0.004266300000040246,3.060200003801583e-05,640,0,7,5,7,2,2,2,7295b789b512137d81251f4a1ad7bfa9cb25892364221a554dbad9381b71c444,9cb9c51bcb7e8529295c13da80d60e83ae0894c8ec5b849b3912e36cc561f54f,True
P5D-S01-SMALL-M3,JSS-S01,S01-SMALL,M3_GENERIC_REPLAY,run_10,3.1602109000086784,1.2700153609999916,0.7272411329999999,190902272,0.17446793300001673,0.027608983999982684,0.003928698999970948,2.7164000016455248e-05,640,0,7,5,7,2,2,2,7295b789b512137d81251f4a1ad7bfa9cb25892364221a554dbad9381b71c444,9cb9c51bcb7e8529295c13da80d60e83ae0894c8ec5b849b3912e36cc561f54f,True
P5D-S01-SMALL-M6,JSS-S01,S01-SMALL,M6_FULL_TLA,run_01,2.9684619999025017,1.193519703999982,0.67974847,190791680,0.1528702429999953,0.027899300999990828,0.0038847500000542823,0.00028567000003931753,640,13771,7,5,7,2,2,2,7295b789b512137d81251f4a1ad7bfa9cb25892364221a554dbad9381b71c444,9cb9c51bcb7e8529295c13da80d60e83ae0894c8ec5b849b3912e36cc561f54f,True
P5D-S01-SMALL-M6,JSS-S01,S01-SMALL,M6_FULL_TLA,run_02,3.0696969002019614,1.2483097010000392,0.699198505,190296064,0.17222383600000057,0.030175353999993604,0.004954079000071943,0.00029939400002376715,640,13771,7,5,7,2,2,2,7295b789b512137d81251f4a1ad7bfa9cb25892364221a554dbad9381b71c444,9cb9c51bcb7e8529295c13da80d60e83ae0894c8ec5b849b3912e36cc561f54f,True
P5D-S01-SMALL-M6,JSS-S01,S01-SMALL,M6_FULL_TLA,run_03,2.896978999953717,1.1621238349999885,0.664105217,191377408,0.15862943000001906,0.02262137600001779,0.0038468500000021777,0.00040197599997782163,640,13771,7,5,7,2,2,2,7295b789b512137d81251f4a1ad7bfa9cb25892364221a554dbad9381b71c444,9cb9c51bcb7e8529295c13da80d60e83ae0894c8ec5b849b3912e36cc561f54f,True
P5D-S01-SMALL-M6,JSS-S01,S01-SMALL,M6_FULL_TLA,run_04,3.2175335998181254,1.1582672829999865,0.654424267,191254528,0.15811562400000412,0.02440604800000301,0.0038697140000181207,0.0003091209999865896,640,13771,7,5,7,2,2,2,7295b789b512137d81251f4a1ad7bfa9cb25892364221a554dbad9381b71c444,9cb9c51bcb7e8529295c13da80d60e83ae0894c8ec5b849b3912e36cc561f54f,True
P5D-S01-SMALL-M6,JSS-S01,S01-SMALL,M6_FULL_TLA,run_05,3.04050250002183,1.2629364550000446,0.707992476,190951424,0.17503207700002577,0.02611324100001866,0.005829393999988497,0.0003513560000101279,640,13771,7,5,7,2,2,2,7295b789b512137d81251f4a1ad7bfa9cb25892364221a554dbad9381b71c444,9cb9c51bcb7e8529295c13da80d60e83ae0894c8ec5b849b3912e36cc561f54f,True
P5D-S01-SMALL-M6,JSS-S01,S01-SMALL,M6_FULL_TLA,run_06,3.1378910997882485,1.3704916039999944,0.765312647,192122880,0.19816546299995252,0.02739672799998516,0.004828534000012041,0.000291682000010951,640,13771,7,5,7,2,2,2,7295b789b512137d81251f4a1ad7bfa9cb25892364221a554dbad9381b71c444,9cb9c51bcb7e8529295c13da80d60e83ae0894c8ec5b849b3912e36cc561f54f,True
P5D-S01-SMALL-M6,JSS-S01,S01-SMALL,M6_FULL_TLA,run_07,3.109714200021699,1.2290919170000052,0.689853075,189677568,0.14708307500001183,0.028935606000004555,0.004011768999987453,0.0003085550000037074,640,13771,7,5,7,2,2,2,7295b789b512137d81251f4a1ad7bfa9cb25892364221a554dbad9381b71c444,9cb9c51bcb7e8529295c13da80d60e83ae0894c8ec5b849b3912e36cc561f54f,True
P5D-S01-SMALL-M6,JSS-S01,S01-SMALL,M6_FULL_TLA,run_08,2.9933321999851614,1.2050820970000018,0.672994427,190021632,0.16997530899999447,0.02273272799999404,0.0036509170000726954,0.0002708250000296175,640,13771,7,5,7,2,2,2,7295b789b512137d81251f4a1ad7bfa9cb25892364221a554dbad9381b71c444,9cb9c51bcb7e8529295c13da80d60e83ae0894c8ec5b849b3912e36cc561f54f,True
P5D-S01-SMALL-M6,JSS-S01,S01-SMALL,M6_FULL_TLA,run_09,3.1046996999066323,1.1943900910000025,0.676427473,190885888,0.16767067099999622,0.02542541299999357,0.0035997119999819915,0.0002909710000267296,640,13771,7,5,7,2,2,2,7295b789b512137d81251f4a1ad7bfa9cb25892364221a554dbad9381b71c444,9cb9c51bcb7e8529295c13da80d60e83ae0894c8ec5b849b3912e36cc561f54f,True
P5D-S01-SMALL-M6,JSS-S01,S01-SMALL,M6_FULL_TLA,run_10,3.020325800171122,1.186238722999974,0.680407791,190681088,0.16456494199996996,0.02763113200001044,0.004250894999984212,0.00029739100000369945,640,13771,7,5,7,2,2,2,7295b789b512137d81251f4a1ad7bfa9cb25892364221a554dbad9381b71c444,9cb9c51bcb7e8529295c13da80d60e83ae0894c8ec5b849b3912e36cc561f54f,True
P5D-S01-MEDIUM-M0,JSS-S01,S01-MEDIUM,M0_AUDIT_OFF,run_01,3.1540085000451654,1.3107213899999692,0.770707718,191488000,0.16513751499996943,0.08809305900001618,0.0,0.0,0,0,8,6,8,0,0,0,ff8850e4a15bde5e5995945758b43f6bdaf834f99db8424106fdd1a9169c794c,eac6aa8d5855ebe50abf79b7f2fe7cec7065d04d9011693085b170c3c0ce1fa3,True
P5D-S01-MEDIUM-M0,JSS-S01,S01-MEDIUM,M0_AUDIT_OFF,run_02,3.0897794000338763,1.2766851140000313,0.7466254499999999,191090688,0.16259956999999758,0.08667309899999509,0.0,0.0,0,0,8,6,8,0,0,0,ff8850e4a15bde5e5995945758b43f6bdaf834f99db8424106fdd1a9169c794c,eac6aa8d5855ebe50abf79b7f2fe7cec7065d04d9011693085b170c3c0ce1fa3,True
P5D-S01-MEDIUM-M0,JSS-S01,S01-MEDIUM,M0_AUDIT_OFF,run_03,2.9269368001259863,1.2278124850000154,0.720272648,191139840,0.15587024799998517,0.08756960600004504,0.0,0.0,0,0,8,6,8,0,0,0,ff8850e4a15bde5e5995945758b43f6bdaf834f99db8424106fdd1a9169c794c,eac6aa8d5855ebe50abf79b7f2fe7cec7065d04d9011693085b170c3c0ce1fa3,True
P5D-S01-MEDIUM-M0,JSS-S01,S01-MEDIUM,M0_AUDIT_OFF,run_04,3.2295937999151647,1.3078657190000058,0.762171355,190754816,0.16070429199999126,0.09082765499999823,0.0,0.0,0,0,8,6,8,0,0,0,ff8850e4a15bde5e5995945758b43f6bdaf834f99db8424106fdd1a9169c794c,eac6aa8d5855ebe50abf79b7f2fe7cec7065d04d9011693085b170c3c0ce1fa3,True
P5D-S01-MEDIUM-M0,JSS-S01,S01-MEDIUM,M0_AUDIT_OFF,run_05,3.022944400086999,1.2624638369999843,0.7234295310000001,189714432,0.1559899719999862,0.08767719600001556,0.0,0.0,0,0,8,6,8,0,0,0,ff8850e4a15bde5e5995945758b43f6bdaf834f99db8424106fdd1a9169c794c,eac6aa8d5855ebe50abf79b7f2fe7cec7065d04d9011693085b170c3c0ce1fa3,True
P5D-S01-MEDIUM-M0,JSS-S01,S01-MEDIUM,M0_AUDIT_OFF,run_06,3.2851442000828683,1.3153538660000095,0.769545256,191045632,0.1563366960000394,0.09078054700000848,0.0,0.0,0,0,8,6,8,0,0,0,ff8850e4a15bde5e5995945758b43f6bdaf834f99db8424106fdd1a9169c794c,eac6aa8d5855ebe50abf79b7f2fe7cec7065d04d9011693085b170c3c0ce1fa3,True
P5D-S01-MEDIUM-M0,JSS-S01,S01-MEDIUM,M0_AUDIT_OFF,run_07,3.0003138999454677,1.3100956400000427,0.758657833,191463424,0.18107445800001187,0.08686275500002694,0.0,0.0,0,0,8,6,8,0,0,0,ff8850e4a15bde5e5995945758b43f6bdaf834f99db8424106fdd1a9169c794c,eac6aa8d5855ebe50abf79b7f2fe7cec7065d04d9011693085b170c3c0ce1fa3,True
P5D-S01-MEDIUM-M0,JSS-S01,S01-MEDIUM,M0_AUDIT_OFF,run_08,3.0913352998904884,1.2638344499999903,0.743266475,191217664,0.1672918219999815,0.09167078299998366,0.0,0.0,0,0,8,6,8,0,0,0,ff8850e4a15bde5e5995945758b43f6bdaf834f99db8424106fdd1a9169c794c,eac6aa8d5855ebe50abf79b7f2fe7cec7065d04d9011693085b170c3c0ce1fa3,True
P5D-S01-MEDIUM-M0,JSS-S01,S01-MEDIUM,M0_AUDIT_OFF,run_09,3.04263410018757,1.3409770640000147,0.780646294,189923328,0.18197909599996365,0.08859604699995316,0.0,0.0,0,0,8,6,8,0,0,0,ff8850e4a15bde5e5995945758b43f6bdaf834f99db8424106fdd1a9169c794c,eac6aa8d5855ebe50abf79b7f2fe7cec7065d04d9011693085b170c3c0ce1fa3,True
P5D-S01-MEDIUM-M0,JSS-S01,S01-MEDIUM,M0_AUDIT_OFF,run_10,3.002666400047019,1.301207201000011,0.754469124,191229952,0.17753268600000638,0.08834862100002283,0.0,0.0,0,0,8,6,8,0,0,0,ff8850e4a15bde5e5995945758b43f6bdaf834f99db8424106fdd1a9169c794c,eac6aa8d5855ebe50abf79b7f2fe7cec7065d04d9011693085b170c3c0ce1fa3,True
P5D-S01-MEDIUM-M3,JSS-S01,S01-MEDIUM,M3_GENERIC_REPLAY,run_01,2.9157521000597626,1.237957066999968,0.7258156490000001,192913408,0.15888223399997514,0.08408090400001811,0.014056132000007437,3.0039000023407425e-05,640,0,8,6,8,2,2,2,ff8850e4a15bde5e5995945758b43f6bdaf834f99db8424106fdd1a9169c794c,eac6aa8d5855ebe50abf79b7f2fe7cec7065d04d9011693085b170c3c0ce1fa3,True
P5D-S01-MEDIUM-M3,JSS-S01,S01-MEDIUM,M3_GENERIC_REPLAY,run_02,3.2253203000873327,1.2799186550000172,0.758427309,191504384,0.1513583130000029,0.09172978399999465,0.012778152000009868,3.126600000769031e-05,640,0,8,6,8,2,2,2,ff8850e4a15bde5e5995945758b43f6bdaf834f99db8424106fdd1a9169c794c,eac6aa8d5855ebe50abf79b7f2fe7cec7065d04d9011693085b170c3c0ce1fa3,True
P5D-S01-MEDIUM-M3,JSS-S01,S01-MEDIUM,M3_GENERIC_REPLAY,run_03,3.010236999951303,1.2786667020000095,0.759237127,191541248,0.1606741980000379,0.08784629299998414,0.013713795999990452,2.9821999987689196e-05,640,0,8,6,8,2,2,2,ff8850e4a15bde5e5995945758b43f6bdaf834f99db8424106fdd1a9169c794c,eac6aa8d5855ebe50abf79b7f2fe7cec7065d04d9011693085b170c3c0ce1fa3,True
P5D-S01-MEDIUM-M3,JSS-S01,S01-MEDIUM,M3_GENERIC_REPLAY,run_04,3.093328299932182,1.2687906890000136,0.7726447059999999,191864832,0.14873069100002567,0.09676602700000103,0.017884613000035188,3.801000002567889e-05,640,0,8,6,8,2,2,2,ff8850e4a15bde5e5995945758b43f6bdaf834f99db8424106fdd1a9169c794c,eac6aa8d5855ebe50abf79b7f2fe7cec7065d04d9011693085b170c3c0ce1fa3,True
P5D-S01-MEDIUM-M3,JSS-S01,S01-MEDIUM,M3_GENERIC_REPLAY,run_05,2.9045945999678224,1.2935258599999884,0.779397227,190902272,0.1570672959999797,0.09771956100001944,0.015943819000028725,3.510400000550362e-05,640,0,8,6,8,2,2,2,ff8850e4a15bde5e5995945758b43f6bdaf834f99db8424106fdd1a9169c794c,eac6aa8d5855ebe50abf79b7f2fe7cec7065d04d9011693085b170c3c0ce1fa3,True
P5D-S01-MEDIUM-M3,JSS-S01,S01-MEDIUM,M3_GENERIC_REPLAY,run_06,2.9746365000028163,1.2998911089999865,0.774891436,191442944,0.15586828699997568,0.09513016900001503,0.01334939899999199,3.465399998958674e-05,640,0,8,6,8,2,2,2,ff8850e4a15bde5e5995945758b43f6bdaf834f99db8424106fdd1a9169c794c,eac6aa8d5855ebe50abf79b7f2fe7cec7065d04d9011693085b170c3c0ce1fa3,True
P5D-S01-MEDIUM-M3,JSS-S01,S01-MEDIUM,M3_GENERIC_REPLAY,run_07,2.9501636000350118,1.2432633070000065,0.733627981,190873600,0.15125822800001743,0.08953897200001393,0.012836800999991738,3.184700000247176e-05,640,0,8,6,8,2,2,2,ff8850e4a15bde5e5995945758b43f6bdaf834f99db8424106fdd1a9169c794c,eac6aa8d5855ebe50abf79b7f2fe7cec7065d04d9011693085b170c3c0ce1fa3,True
P5D-S01-MEDIUM-M3,JSS-S01,S01-MEDIUM,M3_GENERIC_REPLAY,run_08,3.0609802999533713,1.279504127999985,0.741110206,192065536,0.16727336799999648,0.09138248400000748,0.016816827000013745,5.778799999234252e-05,640,0,8,6,8,2,2,2,ff8850e4a15bde5e5995945758b43f6bdaf834f99db8424106fdd1a9169c794c,eac6aa8d5855ebe50abf79b7f2fe7cec7065d04d9011693085b170c3c0ce1fa3,True
P5D-S01-MEDIUM-M3,JSS-S01,S01-MEDIUM,M3_GENERIC_REPLAY,run_09,3.2526034999173135,1.2549052339999776,0.740125574,191950848,0.1637036719999969,0.08650215300002628,0.011927120999985164,3.029699996659474e-05,640,0,8,6,8,2,2,2,ff8850e4a15bde5e5995945758b43f6bdaf834f99db8424106fdd1a9169c794c,eac6aa8d5855ebe50abf79b7f2fe7cec7065d04d9011693085b170c3c0ce1fa3,True
P5D-S01-MEDIUM-M3,JSS-S01,S01-MEDIUM,M3_GENERIC_REPLAY,run_10,3.0757353000808507,1.2863134739999964,0.755285119,190935040,0.16826489100003528,0.09131234299997004,0.014966220999951929,3.476799997770286e-05,640,0,8,6,8,2,2,2,ff8850e4a15bde5e5995945758b43f6bdaf834f99db8424106fdd1a9169c794c,eac6aa8d5855ebe50abf79b7f2fe7cec7065d04d9011693085b170c3c0ce1fa3,True
P5D-S01-MEDIUM-M6,JSS-S01,S01-MEDIUM,M6_FULL_TLA,run_01,3.6018950999714434,1.3075046589999602,0.773860286,192098304,0.1629883349999659,0.08578717099999267,0.015715107000005446,0.00031891800000494186,640,15528,8,6,8,2,2,2,ff8850e4a15bde5e5995945758b43f6bdaf834f99db8424106fdd1a9169c794c,eac6aa8d5855ebe50abf79b7f2fe7cec7065d04d9011693085b170c3c0ce1fa3,True
P5D-S01-MEDIUM-M6,JSS-S01,S01-MEDIUM,M6_FULL_TLA,run_02,3.183703600196168,1.3711393669999552,0.808288877,191479808,0.17544904299995778,0.08621340999997074,0.017305069999963507,0.00034455599995908415,640,15528,8,6,8,2,2,2,ff8850e4a15bde5e5995945758b43f6bdaf834f99db8424106fdd1a9169c794c,eac6aa8d5855ebe50abf79b7f2fe7cec7065d04d9011693085b170c3c0ce1fa3,True
P5D-S01-MEDIUM-M6,JSS-S01,S01-MEDIUM,M6_FULL_TLA,run_03,2.9658104002010077,1.288275972000008,0.756574502,191074304,0.165109512000015,0.08289510100001962,0.014504759000033118,0.0004116320000093765,640,15528,8,6,8,2,2,2,ff8850e4a15bde5e5995945758b43f6bdaf834f99db8424106fdd1a9169c794c,eac6aa8d5855ebe50abf79b7f2fe7cec7065d04d9011693085b170c3c0ce1fa3,True
P5D-S01-MEDIUM-M6,JSS-S01,S01-MEDIUM,M6_FULL_TLA,run_04,3.084933799924329,1.258015228999966,0.7424712659999999,191979520,0.14798587100000304,0.08956645199998547,0.013940681000008226,0.00032678400003760544,640,15528,8,6,8,2,2,2,ff8850e4a15bde5e5995945758b43f6bdaf834f99db8424106fdd1a9169c794c,eac6aa8d5855ebe50abf79b7f2fe7cec7065d04d9011693085b170c3c0ce1fa3,True
P5D-S01-MEDIUM-M6,JSS-S01,S01-MEDIUM,M6_FULL_TLA,run_05,3.0360075999051332,1.3011716580000439,0.756588243,192172032,0.18075995399999556,0.09014577200002805,0.014356458999998267,0.0003499449999821991,640,15528,8,6,8,2,2,2,ff8850e4a15bde5e5995945758b43f6bdaf834f99db8424106fdd1a9169c794c,eac6aa8d5855ebe50abf79b7f2fe7cec7065d04d9011693085b170c3c0ce1fa3,True
P5D-S01-MEDIUM-M6,JSS-S01,S01-MEDIUM,M6_FULL_TLA,run_06,2.9680759999901056,1.265673650999986,0.7468941370000001,192024576,0.16069958499997483,0.08559356399996432,0.013865368000040235,0.0003509940000299139,640,15528,8,6,8,2,2,2,ff8850e4a15bde5e5995945758b43f6bdaf834f99db8424106fdd1a9169c794c,eac6aa8d5855ebe50abf79b7f2fe7cec7065d04d9011693085b170c3c0ce1fa3,True
P5D-S01-MEDIUM-M6,JSS-S01,S01-MEDIUM,M6_FULL_TLA,run_07,3.0734588999766856,1.3365277990000095,0.781928006,191275008,0.18627289699998073,0.09243687299999692,0.013267150999922706,0.0003307209999547922,640,15528,8,6,8,2,2,2,ff8850e4a15bde5e5995945758b43f6bdaf834f99db8424106fdd1a9169c794c,eac6aa8d5855ebe50abf79b7f2fe7cec7065d04d9011693085b170c3c0ce1fa3,True
P5D-S01-MEDIUM-M6,JSS-S01,S01-MEDIUM,M6_FULL_TLA,run_08,3.173983799992129,1.329246966000028,0.782119164,191582208,0.2004892020000284,0.08776799100002108,0.017950378000023193,0.00036307700003135324,640,15528,8,6,8,2,2,2,ff8850e4a15bde5e5995945758b43f6bdaf834f99db8424106fdd1a9169c794c,eac6aa8d5855ebe50abf79b7f2fe7cec7065d04d9011693085b170c3c0ce1fa3,True
P5D-S01-MEDIUM-M6,JSS-S01,S01-MEDIUM,M6_FULL_TLA,run_09,3.1709239999763668,1.3269720949999737,0.769083748,191729664,0.15993404499999997,0.10562290600000779,0.014853471000037644,0.00043320600002516585,640,15528,8,6,8,2,2,2,ff8850e4a15bde5e5995945758b43f6bdaf834f99db8424106fdd1a9169c794c,eac6aa8d5855ebe50abf79b7f2fe7cec7065d04d9011693085b170c3c0ce1fa3,True
P5D-S01-MEDIUM-M6,JSS-S01,S01-MEDIUM,M6_FULL_TLA,run_10,3.0116785999853164,1.289178105000019,0.757154677,191537152,0.16464477300002045,0.08754698300003838,0.014239406999990933,0.0003797749999989719,640,15528,8,6,8,2,2,2,ff8850e4a15bde5e5995945758b43f6bdaf834f99db8424106fdd1a9169c794c,eac6aa8d5855ebe50abf79b7f2fe7cec7065d04d9011693085b170c3c0ce1fa3,True
P5D-S02-SMALL-M0,JSS-S02,S02-SMALL,M0_AUDIT_OFF,run_01,2.118579699890688,0.4983039459999645,0.21137564599999997,85024768,0.16841267299997753,0.004535169999996924,0.0,0.0,0,0,16,0,16,0,0,0,33338f44b40fcbb1923abceb04e59598275f7c65b7009d99d8a9c9a004107c2a,0c94c7a46fed3e3bdd111b8a8b12ca46789e0170545ad4d5cc199fe1c564c61f,True
P5D-S02-SMALL-M0,JSS-S02,S02-SMALL,M0_AUDIT_OFF,run_02,2.0541648000944406,0.48814040700000305,0.20898313399999996,85237760,0.17261581200000364,0.004320234999966033,0.0,0.0,0,0,16,0,16,0,0,0,33338f44b40fcbb1923abceb04e59598275f7c65b7009d99d8a9c9a004107c2a,0c94c7a46fed3e3bdd111b8a8b12ca46789e0170545ad4d5cc199fe1c564c61f,True
P5D-S02-SMALL-M0,JSS-S02,S02-SMALL,M0_AUDIT_OFF,run_03,2.1431549000553787,0.46627429600005144,0.21113131900000004,84779008,0.16066815200002793,0.004307884000013473,0.0,0.0,0,0,16,0,16,0,0,0,33338f44b40fcbb1923abceb04e59598275f7c65b7009d99d8a9c9a004107c2a,0c94c7a46fed3e3bdd111b8a8b12ca46789e0170545ad4d5cc199fe1c564c61f,True
P5D-S02-SMALL-M0,JSS-S02,S02-SMALL,M0_AUDIT_OFF,run_04,2.0260427999310195,0.5132249830000433,0.22812462499999997,84672512,0.1773690520000173,0.004879858000037984,0.0,0.0,0,0,16,0,16,0,0,0,33338f44b40fcbb1923abceb04e59598275f7c65b7009d99d8a9c9a004107c2a,0c94c7a46fed3e3bdd111b8a8b12ca46789e0170545ad4d5cc199fe1c564c61f,True
P5D-S02-SMALL-M0,JSS-S02,S02-SMALL,M0_AUDIT_OFF,run_05,2.011343700112775,0.5073549400000275,0.221637889,85278720,0.17929593200000227,0.004561537999961729,0.0,0.0,0,0,16,0,16,0,0,0,33338f44b40fcbb1923abceb04e59598275f7c65b7009d99d8a9c9a004107c2a,0c94c7a46fed3e3bdd111b8a8b12ca46789e0170545ad4d5cc199fe1c564c61f,True
P5D-S02-SMALL-M0,JSS-S02,S02-SMALL,M0_AUDIT_OFF,run_06,2.094507200177759,0.46072070200000326,0.20398897100000002,85794816,0.15236194800002067,0.004680591000010281,0.0,0.0,0,0,16,0,16,0,0,0,33338f44b40fcbb1923abceb04e59598275f7c65b7009d99d8a9c9a004107c2a,0c94c7a46fed3e3bdd111b8a8b12ca46789e0170545ad4d5cc199fe1c564c61f,True
P5D-S02-SMALL-M0,JSS-S02,S02-SMALL,M0_AUDIT_OFF,run_07,2.1248371000401676,0.48856714599997986,0.21965164699999998,85303296,0.1557243610000114,0.004928929000016069,0.0,0.0,0,0,16,0,16,0,0,0,33338f44b40fcbb1923abceb04e59598275f7c65b7009d99d8a9c9a004107c2a,0c94c7a46fed3e3bdd111b8a8b12ca46789e0170545ad4d5cc199fe1c564c61f,True
P5D-S02-SMALL-M0,JSS-S02,S02-SMALL,M0_AUDIT_OFF,run_08,2.3261480999644846,0.5588333700000021,0.24557916800000001,85151744,0.19504874400001881,0.004591940000011618,0.0,0.0,0,0,16,0,16,0,0,0,33338f44b40fcbb1923abceb04e59598275f7c65b7009d99d8a9c9a004107c2a,0c94c7a46fed3e3bdd111b8a8b12ca46789e0170545ad4d5cc199fe1c564c61f,True
P5D-S02-SMALL-M0,JSS-S02,S02-SMALL,M0_AUDIT_OFF,run_09,2.1161805000156164,0.552962416000014,0.243217769,85364736,0.17803462699998818,0.005068620999963969,0.0,0.0,0,0,16,0,16,0,0,0,33338f44b40fcbb1923abceb04e59598275f7c65b7009d99d8a9c9a004107c2a,0c94c7a46fed3e3bdd111b8a8b12ca46789e0170545ad4d5cc199fe1c564c61f,True
P5D-S02-SMALL-M0,JSS-S02,S02-SMALL,M0_AUDIT_OFF,run_10,1.9728088001720607,0.5206116469999529,0.22277466299999998,84926464,0.17132266999999501,0.0051484109999933025,0.0,0.0,0,0,16,0,16,0,0,0,33338f44b40fcbb1923abceb04e59598275f7c65b7009d99d8a9c9a004107c2a,0c94c7a46fed3e3bdd111b8a8b12ca46789e0170545ad4d5cc199fe1c564c61f,True
P5D-S02-SMALL-M3,JSS-S02,S02-SMALL,M3_GENERIC_REPLAY,run_01,2.1561865999829024,0.49236570599998686,0.217992022,85213184,0.15626900899997054,0.004641946000049302,0.0003066900000021633,2.945099998896694e-05,641,0,16,0,16,2,0,2,33338f44b40fcbb1923abceb04e59598275f7c65b7009d99d8a9c9a004107c2a,0c94c7a46fed3e3bdd111b8a8b12ca46789e0170545ad4d5cc199fe1c564c61f,True
P5D-S02-SMALL-M3,JSS-S02,S02-SMALL,M3_GENERIC_REPLAY,run_02,1.9326280001550913,0.5266119659999617,0.22893468299999997,85200896,0.17549011599999176,0.004508039000029385,0.00026385899991510087,2.581599994755379e-05,641,0,16,0,16,2,0,2,33338f44b40fcbb1923abceb04e59598275f7c65b7009d99d8a9c9a004107c2a,0c94c7a46fed3e3bdd111b8a8b12ca46789e0170545ad4d5cc199fe1c564c61f,True
P5D-S02-SMALL-M3,JSS-S02,S02-SMALL,M3_GENERIC_REPLAY,run_03,2.417777700116858,0.549178970000014,0.236824788,85241856,0.19379342299998825,0.004218746999981704,0.00026394100001425613,2.645600000050763e-05,641,0,16,0,16,2,0,2,33338f44b40fcbb1923abceb04e59598275f7c65b7009d99d8a9c9a004107c2a,0c94c7a46fed3e3bdd111b8a8b12ca46789e0170545ad4d5cc199fe1c564c61f,True
P5D-S02-SMALL-M3,JSS-S02,S02-SMALL,M3_GENERIC_REPLAY,run_04,2.034858699887991,0.5747702510000181,0.24713199100000002,85344256,0.19182264300002316,0.007363816000008683,0.0003314470000077563,3.07729999917683e-05,641,0,16,0,16,2,0,2,33338f44b40fcbb1923abceb04e59598275f7c65b7009d99d8a9c9a004107c2a,0c94c7a46fed3e3bdd111b8a8b12ca46789e0170545ad4d5cc199fe1c564c61f,True
P5D-S02-SMALL-M3,JSS-S02,S02-SMALL,M3_GENERIC_REPLAY,run_05,2.261120699811727,0.5203029130000232,0.22255945200000002,85594112,0.17830892500001028,0.004441016999976455,0.0002806310000096346,2.5936000042747764e-05,641,0,16,0,16,2,0,2,33338f44b40fcbb1923abceb04e59598275f7c65b7009d99d8a9c9a004107c2a,0c94c7a46fed3e3bdd111b8a8b12ca46789e0170545ad4d5cc199fe1c564c61f,True
P5D-S02-SMALL-M3,JSS-S02,S02-SMALL,M3_GENERIC_REPLAY,run_06,1.9592486000619829,0.5195845860000645,0.22813439900000002,85512192,0.16005260600002202,0.0042735920000041006,0.0002750500000274769,2.6679000029616873e-05,641,0,16,0,16,2,0,2,33338f44b40fcbb1923abceb04e59598275f7c65b7009d99d8a9c9a004107c2a,0c94c7a46fed3e3bdd111b8a8b12ca46789e0170545ad4d5cc199fe1c564c61f,True
P5D-S02-SMALL-M3,JSS-S02,S02-SMALL,M3_GENERIC_REPLAY,run_07,3.1288585998117924,0.5421836279999752,0.233071153,85114880,0.17810914699998648,0.005673822999938238,0.0003562030000239247,5.140400003256218e-05,641,0,16,0,16,2,0,2,33338f44b40fcbb1923abceb04e59598275f7c65b7009d99d8a9c9a004107c2a,0c94c7a46fed3e3bdd111b8a8b12ca46789e0170545ad4d5cc199fe1c564c61f,True
P5D-S02-SMALL-M3,JSS-S02,S02-SMALL,M3_GENERIC_REPLAY,run_08,3.100706299999729,0.5093714560000535,0.22389651500000002,85475328,0.16897143799997139,0.0046288539999750355,0.0002828570000019681,2.6140000045415945e-05,641,0,16,0,16,2,0,2,33338f44b40fcbb1923abceb04e59598275f7c65b7009d99d8a9c9a004107c2a,0c94c7a46fed3e3bdd111b8a8b12ca46789e0170545ad4d5cc199fe1c564c61f,True
P5D-S02-SMALL-M3,JSS-S02,S02-SMALL,M3_GENERIC_REPLAY,run_09,2.3501085999887437,0.55458162299999,0.24899125700000002,85360640,0.1855809189999036,0.0053677690000313305,0.0005374270001539116,0.00021568500005741953,641,0,16,0,16,2,0,2,33338f44b40fcbb1923abceb04e59598275f7c65b7009d99d8a9c9a004107c2a,0c94c7a46fed3e3bdd111b8a8b12ca46789e0170545ad4d5cc199fe1c564c61f,True
P5D-S02-SMALL-M3,JSS-S02,S02-SMALL,M3_GENERIC_REPLAY,run_10,2.240928899962455,0.5010659189999842,0.219527847,85135360,0.16279685400002109,0.004823229999942669,0.0003018090000068696,2.6380999997854815e-05,641,0,16,0,16,2,0,2,33338f44b40fcbb1923abceb04e59598275f7c65b7009d99d8a9c9a004107c2a,0c94c7a46fed3e3bdd111b8a8b12ca46789e0170545ad4d5cc199fe1c564c61f,True
P5D-S02-SMALL-M6,JSS-S02,S02-SMALL,M6_FULL_TLA,run_01,2.3477190998382866,0.4926966939999602,0.22450246599999998,85090304,0.15595284199991966,0.011502772999961053,0.0006909520000135672,0.0003281130000232224,641,11339,16,0,16,2,0,2,33338f44b40fcbb1923abceb04e59598275f7c65b7009d99d8a9c9a004107c2a,0c94c7a46fed3e3bdd111b8a8b12ca46789e0170545ad4d5cc199fe1c564c61f,True
P5D-S02-SMALL-M6,JSS-S02,S02-SMALL,M6_FULL_TLA,run_02,2.0294288999866694,0.49281976399993255,0.21871729699999998,85037056,0.1543600919999335,0.0087656739999602,0.0005885589999934382,0.0003099059999840392,641,11339,16,0,16,2,0,2,33338f44b40fcbb1923abceb04e59598275f7c65b7009d99d8a9c9a004107c2a,0c94c7a46fed3e3bdd111b8a8b12ca46789e0170545ad4d5cc199fe1c564c61f,True
P5D-S02-SMALL-M6,JSS-S02,S02-SMALL,M6_FULL_TLA,run_03,2.2221433999948204,0.48587096599999313,0.21754283600000002,85585920,0.16969705799999701,0.008913371999938136,0.0005939910000734017,0.0002930619999688133,641,11339,16,0,16,2,0,2,33338f44b40fcbb1923abceb04e59598275f7c65b7009d99d8a9c9a004107c2a,0c94c7a46fed3e3bdd111b8a8b12ca46789e0170545ad4d5cc199fe1c564c61f,True
P5D-S02-SMALL-M6,JSS-S02,S02-SMALL,M6_FULL_TLA,run_04,2.2041001999750733,0.519916717000001,0.233085253,85700608,0.16608659999997144,0.009999852000078135,0.0005334830000265356,0.0002738150000141104,641,11339,16,0,16,2,0,2,33338f44b40fcbb1923abceb04e59598275f7c65b7009d99d8a9c9a004107c2a,0c94c7a46fed3e3bdd111b8a8b12ca46789e0170545ad4d5cc199fe1c564c61f,True
P5D-S02-SMALL-M6,JSS-S02,S02-SMALL,M6_FULL_TLA,run_05,3.157444400014356,0.49206851999997525,0.225227472,85401600,0.1620830220000471,0.009545481999907679,0.0005596209998657287,0.00028604499993889476,641,11339,16,0,16,2,0,2,33338f44b40fcbb1923abceb04e59598275f7c65b7009d99d8a9c9a004107c2a,0c94c7a46fed3e3bdd111b8a8b12ca46789e0170545ad4d5cc199fe1c564c61f,True
P5D-S02-SMALL-M6,JSS-S02,S02-SMALL,M6_FULL_TLA,run_06,2.0818296000361443,0.5214992259999462,0.23289472099999997,85549056,0.16565173799995137,0.010429301000044688,0.0005117169998811733,0.00026026599994111166,641,11339,16,0,16,2,0,2,33338f44b40fcbb1923abceb04e59598275f7c65b7009d99d8a9c9a004107c2a,0c94c7a46fed3e3bdd111b8a8b12ca46789e0170545ad4d5cc199fe1c564c61f,True
P5D-S02-SMALL-M6,JSS-S02,S02-SMALL,M6_FULL_TLA,run_07,2.593586399918422,0.4995734029999994,0.225964024,85327872,0.16546434800000043,0.011697947000016029,0.0005726250000179789,0.0002985400000170557,641,11339,16,0,16,2,0,2,33338f44b40fcbb1923abceb04e59598275f7c65b7009d99d8a9c9a004107c2a,0c94c7a46fed3e3bdd111b8a8b12ca46789e0170545ad4d5cc199fe1c564c61f,True
P5D-S02-SMALL-M6,JSS-S02,S02-SMALL,M6_FULL_TLA,run_08,2.3591356999240816,0.6313011610000103,0.27878542900000003,84652032,0.254966287000002,0.010551318000011634,0.0015908110001419118,0.0006911200000558892,641,11339,16,0,16,2,0,2,33338f44b40fcbb1923abceb04e59598275f7c65b7009d99d8a9c9a004107c2a,0c94c7a46fed3e3bdd111b8a8b12ca46789e0170545ad4d5cc199fe1c564c61f,True
P5D-S02-SMALL-M6,JSS-S02,S02-SMALL,M6_FULL_TLA,run_09,2.060087500140071,0.5066507669999964,0.22626453100000002,85299200,0.16172347499991702,0.013201031000107832,0.000572312000031161,0.00028083699999115197,641,11339,16,0,16,2,0,2,33338f44b40fcbb1923abceb04e59598275f7c65b7009d99d8a9c9a004107c2a,0c94c7a46fed3e3bdd111b8a8b12ca46789e0170545ad4d5cc199fe1c564c61f,True
P5D-S02-SMALL-M6,JSS-S02,S02-SMALL,M6_FULL_TLA,run_10,2.0426779000554234,0.49487612300004,0.21349705700000002,85614592,0.15767403100005595,0.008616953000000649,0.001144511000006787,0.00047902200003591133,641,11339,16,0,16,2,0,2,33338f44b40fcbb1923abceb04e59598275f7c65b7009d99d8a9c9a004107c2a,0c94c7a46fed3e3bdd111b8a8b12ca46789e0170545ad4d5cc199fe1c564c61f,True
P5D-S02-MEDIUM-M0,JSS-S02,S02-MEDIUM,M0_AUDIT_OFF,run_01,2.123619500081986,0.5596225609999692,0.280902816,85012480,0.1636936049999349,0.06698590600001353,0.0,0.0,0,0,64,0,64,0,0,0,2f8451327dfbda66f16152b9dba92d492c3c1ee179230780643b1dfab489fe98,cae7c453899f3197e56565dcfc9b141bd74d7fc8941189adfe5e6787ed5f47a3,True
P5D-S02-MEDIUM-M0,JSS-S02,S02-MEDIUM,M0_AUDIT_OFF,run_02,2.157193100079894,0.5484116979999953,0.274443221,85454848,0.16615267099996345,0.06638763399996606,0.0,0.0,0,0,64,0,64,0,0,0,2f8451327dfbda66f16152b9dba92d492c3c1ee179230780643b1dfab489fe98,cae7c453899f3197e56565dcfc9b141bd74d7fc8941189adfe5e6787ed5f47a3,True
P5D-S02-MEDIUM-M0,JSS-S02,S02-MEDIUM,M0_AUDIT_OFF,run_03,2.1331690999213606,0.5402739980000888,0.264751686,85151744,0.16296129100010148,0.060154997999916304,0.0,0.0,0,0,64,0,64,0,0,0,2f8451327dfbda66f16152b9dba92d492c3c1ee179230780643b1dfab489fe98,cae7c453899f3197e56565dcfc9b141bd74d7fc8941189adfe5e6787ed5f47a3,True
P5D-S02-MEDIUM-M0,JSS-S02,S02-MEDIUM,M0_AUDIT_OFF,run_04,2.3261134000495076,0.5382899120000957,0.274862405,85151744,0.16089124100005847,0.06756359199994222,0.0,0.0,0,0,64,0,64,0,0,0,2f8451327dfbda66f16152b9dba92d492c3c1ee179230780643b1dfab489fe98,cae7c453899f3197e56565dcfc9b141bd74d7fc8941189adfe5e6787ed5f47a3,True
P5D-S02-MEDIUM-M0,JSS-S02,S02-MEDIUM,M0_AUDIT_OFF,run_05,2.0997410998679698,0.6156544659999099,0.300088721,86016000,0.18660212199995385,0.070088427000087,0.0,0.0,0,0,64,0,64,0,0,0,2f8451327dfbda66f16152b9dba92d492c3c1ee179230780643b1dfab489fe98,cae7c453899f3197e56565dcfc9b141bd74d7fc8941189adfe5e6787ed5f47a3,True
P5D-S02-MEDIUM-M0,JSS-S02,S02-MEDIUM,M0_AUDIT_OFF,run_06,2.285198000026867,0.5280900929999461,0.27027003099999997,85225472,0.16134071199996924,0.06603591199996117,0.0,0.0,0,0,64,0,64,0,0,0,2f8451327dfbda66f16152b9dba92d492c3c1ee179230780643b1dfab489fe98,cae7c453899f3197e56565dcfc9b141bd74d7fc8941189adfe5e6787ed5f47a3,True
P5D-S02-MEDIUM-M0,JSS-S02,S02-MEDIUM,M0_AUDIT_OFF,run_07,2.225221599917859,0.5601401260000785,0.275381819,85200896,0.16050902300003145,0.06562700299991775,0.0,0.0,0,0,64,0,64,0,0,0,2f8451327dfbda66f16152b9dba92d492c3c1ee179230780643b1dfab489fe98,cae7c453899f3197e56565dcfc9b141bd74d7fc8941189adfe5e6787ed5f47a3,True
P5D-S02-MEDIUM-M0,JSS-S02,S02-MEDIUM,M0_AUDIT_OFF,run_08,1.992036199895665,0.5392339280000442,0.27573498199999996,85209088,0.16021538199993302,0.06623038899999756,0.0,0.0,0,0,64,0,64,0,0,0,2f8451327dfbda66f16152b9dba92d492c3c1ee179230780643b1dfab489fe98,cae7c453899f3197e56565dcfc9b141bd74d7fc8941189adfe5e6787ed5f47a3,True
P5D-S02-MEDIUM-M0,JSS-S02,S02-MEDIUM,M0_AUDIT_OFF,run_09,2.432666099863127,0.5209152040000617,0.258263638,85266432,0.15582676700000775,0.06412626399992405,0.0,0.0,0,0,64,0,64,0,0,0,2f8451327dfbda66f16152b9dba92d492c3c1ee179230780643b1dfab489fe98,cae7c453899f3197e56565dcfc9b141bd74d7fc8941189adfe5e6787ed5f47a3,True
P5D-S02-MEDIUM-M0,JSS-S02,S02-MEDIUM,M0_AUDIT_OFF,run_10,2.216266700066626,0.5614999530000659,0.278923121,85499904,0.17089914700000008,0.061292397999977766,0.0,0.0,0,0,64,0,64,0,0,0,2f8451327dfbda66f16152b9dba92d492c3c1ee179230780643b1dfab489fe98,cae7c453899f3197e56565dcfc9b141bd74d7fc8941189adfe5e6787ed5f47a3,True
P5D-S02-MEDIUM-M3,JSS-S02,S02-MEDIUM,M3_GENERIC_REPLAY,run_01,2.2378408999647945,0.5474951779999628,0.280278853,85143552,0.16351825699996425,0.05983329599996523,0.0009811799999397408,2.974899996388558e-05,643,0,64,0,64,2,0,2,2f8451327dfbda66f16152b9dba92d492c3c1ee179230780643b1dfab489fe98,cae7c453899f3197e56565dcfc9b141bd74d7fc8941189adfe5e6787ed5f47a3,True
P5D-S02-MEDIUM-M3,JSS-S02,S02-MEDIUM,M3_GENERIC_REPLAY,run_02,2.1436461999546736,0.5493209420000085,0.27451892299999997,85143552,0.16455989700000373,0.06048752999993212,0.0008211260000052789,2.969199999824923e-05,643,0,64,0,64,2,0,2,2f8451327dfbda66f16152b9dba92d492c3c1ee179230780643b1dfab489fe98,cae7c453899f3197e56565dcfc9b141bd74d7fc8941189adfe5e6787ed5f47a3,True
P5D-S02-MEDIUM-M3,JSS-S02,S02-MEDIUM,M3_GENERIC_REPLAY,run_03,2.3859000999946147,0.5174721340000588,0.26613980400000004,85176320,0.1594232940000211,0.06032576699999481,0.0009914589999198142,3.0311999921650568e-05,643,0,64,0,64,2,0,2,2f8451327dfbda66f16152b9dba92d492c3c1ee179230780643b1dfab489fe98,cae7c453899f3197e56565dcfc9b141bd74d7fc8941189adfe5e6787ed5f47a3,True
P5D-S02-MEDIUM-M3,JSS-S02,S02-MEDIUM,M3_GENERIC_REPLAY,run_04,2.1237108998466283,0.5207045870000684,0.26352726800000004,85528576,0.150243878000083,0.06310468900005617,0.0008980680000831853,3.6344000022836553e-05,643,0,64,0,64,2,0,2,2f8451327dfbda66f16152b9dba92d492c3c1ee179230780643b1dfab489fe98,cae7c453899f3197e56565dcfc9b141bd74d7fc8941189adfe5e6787ed5f47a3,True
P5D-S02-MEDIUM-M3,JSS-S02,S02-MEDIUM,M3_GENERIC_REPLAY,run_05,3.4274904001504183,0.553597398000079,0.28041473299999997,85286912,0.1776595050000651,0.061170805000074324,0.0010296020000168937,2.961100005904882e-05,643,0,64,0,64,2,0,2,2f8451327dfbda66f16152b9dba92d492c3c1ee179230780643b1dfab489fe98,cae7c453899f3197e56565dcfc9b141bd74d7fc8941189adfe5e6787ed5f47a3,True
P5D-S02-MEDIUM-M3,JSS-S02,S02-MEDIUM,M3_GENERIC_REPLAY,run_06,2.1915367001201957,0.5129177869999921,0.26889773499999997,85299200,0.14842986700000438,0.06019617399999788,0.0009223999999221633,2.8877999966425705e-05,643,0,64,0,64,2,0,2,2f8451327dfbda66f16152b9dba92d492c3c1ee179230780643b1dfab489fe98,cae7c453899f3197e56565dcfc9b141bd74d7fc8941189adfe5e6787ed5f47a3,True
P5D-S02-MEDIUM-M3,JSS-S02,S02-MEDIUM,M3_GENERIC_REPLAY,run_07,2.040233600186184,0.5223044580000078,0.26751299,84905984,0.15516632100002425,0.06698331300003701,0.0009239649998562527,3.0469999956039828e-05,643,0,64,0,64,2,0,2,2f8451327dfbda66f16152b9dba92d492c3c1ee179230780643b1dfab489fe98,cae7c453899f3197e56565dcfc9b141bd74d7fc8941189adfe5e6787ed5f47a3,True
P5D-S02-MEDIUM-M3,JSS-S02,S02-MEDIUM,M3_GENERIC_REPLAY,run_08,2.1446690999437124,0.5250430910000432,0.26875252299999997,85520384,0.15605249199995797,0.06646914500004186,0.0008559010000226408,2.6570000045467168e-05,643,0,64,0,64,2,0,2,2f8451327dfbda66f16152b9dba92d492c3c1ee179230780643b1dfab489fe98,cae7c453899f3197e56565dcfc9b141bd74d7fc8941189adfe5e6787ed5f47a3,True
P5D-S02-MEDIUM-M3,JSS-S02,S02-MEDIUM,M3_GENERIC_REPLAY,run_09,1.9675900000147521,0.5529106269999602,0.280800874,85127168,0.16640056100004585,0.061083922999955576,0.0009387240000933161,3.0481000067084096e-05,643,0,64,0,64,2,0,2,2f8451327dfbda66f16152b9dba92d492c3c1ee179230780643b1dfab489fe98,cae7c453899f3197e56565dcfc9b141bd74d7fc8941189adfe5e6787ed5f47a3,True
P5D-S02-MEDIUM-M3,JSS-S02,S02-MEDIUM,M3_GENERIC_REPLAY,run_10,2.0812472999095917,0.5656270800000129,0.280892703,85340160,0.16788060600003973,0.06632765199992718,0.0019673819999752595,3.825599992524076e-05,643,0,64,0,64,2,0,2,2f8451327dfbda66f16152b9dba92d492c3c1ee179230780643b1dfab489fe98,cae7c453899f3197e56565dcfc9b141bd74d7fc8941189adfe5e6787ed5f47a3,True
P5D-S02-MEDIUM-M6,JSS-S02,S02-MEDIUM,M6_FULL_TLA,run_01,2.150716600008309,0.5564952060000223,0.31318487300000003,85643264,0.14860313999997743,0.10719923200008452,0.0016944960001410436,0.0009058970000523914,643,42954,64,0,64,2,0,2,2f8451327dfbda66f16152b9dba92d492c3c1ee179230780643b1dfab489fe98,cae7c453899f3197e56565dcfc9b141bd74d7fc8941189adfe5e6787ed5f47a3,True
P5D-S02-MEDIUM-M6,JSS-S02,S02-MEDIUM,M6_FULL_TLA,run_02,2.3091582998167723,0.6350557349999235,0.349271585,85258240,0.16845422999995208,0.11874514700002692,0.0019129599999132552,0.0010032000000137486,643,42954,64,0,64,2,0,2,2f8451327dfbda66f16152b9dba92d492c3c1ee179230780643b1dfab489fe98,cae7c453899f3197e56565dcfc9b141bd74d7fc8941189adfe5e6787ed5f47a3,True
P5D-S02-MEDIUM-M6,JSS-S02,S02-MEDIUM,M6_FULL_TLA,run_03,2.159387999912724,0.5825682290000032,0.313596305,85303296,0.15405779400009578,0.10900602900005651,0.0018817970000100104,0.0009482570000045598,643,42954,64,0,64,2,0,2,2f8451327dfbda66f16152b9dba92d492c3c1ee179230780643b1dfab489fe98,cae7c453899f3197e56565dcfc9b141bd74d7fc8941189adfe5e6787ed5f47a3,True
P5D-S02-MEDIUM-M6,JSS-S02,S02-MEDIUM,M6_FULL_TLA,run_04,2.158525000093505,0.5966936570000598,0.322288452,85237760,0.16630636100001084,0.11124014099993929,0.0017416849999563055,0.0008704260000058639,643,42954,64,0,64,2,0,2,2f8451327dfbda66f16152b9dba92d492c3c1ee179230780643b1dfab489fe98,cae7c453899f3197e56565dcfc9b141bd74d7fc8941189adfe5e6787ed5f47a3,True
P5D-S02-MEDIUM-M6,JSS-S02,S02-MEDIUM,M6_FULL_TLA,run_05,2.1304218000732362,0.6176400520000698,0.327178199,85241856,0.1669113060000882,0.11443123200001537,0.0017726060000313737,0.0009148679999952947,643,42954,64,0,64,2,0,2,2f8451327dfbda66f16152b9dba92d492c3c1ee179230780643b1dfab489fe98,cae7c453899f3197e56565dcfc9b141bd74d7fc8941189adfe5e6787ed5f47a3,True
P5D-S02-MEDIUM-M6,JSS-S02,S02-MEDIUM,M6_FULL_TLA,run_06,2.2654252001084387,0.558251915000028,0.308387382,85090304,0.14753943799996705,0.10644634400000541,0.0017142610000746572,0.0008751579999852765,643,42954,64,0,64,2,0,2,2f8451327dfbda66f16152b9dba92d492c3c1ee179230780643b1dfab489fe98,cae7c453899f3197e56565dcfc9b141bd74d7fc8941189adfe5e6787ed5f47a3,True
P5D-S02-MEDIUM-M6,JSS-S02,S02-MEDIUM,M6_FULL_TLA,run_07,2.235541099915281,0.5697477989999697,0.307923015,85524480,0.15285022099999424,0.10597523000001274,0.001658381000083864,0.0008591880000494712,643,42954,64,0,64,2,0,2,2f8451327dfbda66f16152b9dba92d492c3c1ee179230780643b1dfab489fe98,cae7c453899f3197e56565dcfc9b141bd74d7fc8941189adfe5e6787ed5f47a3,True
P5D-S02-MEDIUM-M6,JSS-S02,S02-MEDIUM,M6_FULL_TLA,run_08,2.165274100145325,0.6147869269999546,0.32872478,85164032,0.16718974399998388,0.11049446799995621,0.0017682970000123532,0.000912461999973857,643,42954,64,0,64,2,0,2,2f8451327dfbda66f16152b9dba92d492c3c1ee179230780643b1dfab489fe98,cae7c453899f3197e56565dcfc9b141bd74d7fc8941189adfe5e6787ed5f47a3,True
P5D-S02-MEDIUM-M6,JSS-S02,S02-MEDIUM,M6_FULL_TLA,run_09,2.1843419999349862,0.5921949709999126,0.330104359,85192704,0.15470671299999594,0.11691385800008902,0.0018633130000580422,0.0009663950000913246,643,42954,64,0,64,2,0,2,2f8451327dfbda66f16152b9dba92d492c3c1ee179230780643b1dfab489fe98,cae7c453899f3197e56565dcfc9b141bd74d7fc8941189adfe5e6787ed5f47a3,True
P5D-S02-MEDIUM-M6,JSS-S02,S02-MEDIUM,M6_FULL_TLA,run_10,2.3121414999477565,0.5910560590000387,0.322068743,85250048,0.1607056680001051,0.11919537400001445,0.0018318129999670418,0.0009610679999241256,643,42954,64,0,64,2,0,2,2f8451327dfbda66f16152b9dba92d492c3c1ee179230780643b1dfab489fe98,cae7c453899f3197e56565dcfc9b141bd74d7fc8941189adfe5e6787ed5f47a3,True
P5D-S03-SMALL-M0,JSS-S03,S03-SMALL,M0_AUDIT_OFF,run_01,0.6700430000200868,0.5721257000695914,0.5,76754944,0.09098770003765821,0.005074900109320879,0.0,0.0,0,0,20,9,20,0,0,0,c7a7cf7f4accf1c350aab1b6174b6e72d2cb8fd45660bbdafc7d0122f81b8708,e6b984799d5526f50d66931926441e3de3f8dee1dc1467c33ff975b62f617124,True
P5D-S03-SMALL-M0,JSS-S03,S03-SMALL,M0_AUDIT_OFF,run_02,0.682659599930048,0.5768681999761611,0.5,76791808,0.09064579987898469,0.0052842998411506414,0.0,0.0,0,0,20,9,20,0,0,0,c7a7cf7f4accf1c350aab1b6174b6e72d2cb8fd45660bbdafc7d0122f81b8708,e6b984799d5526f50d66931926441e3de3f8dee1dc1467c33ff975b62f617124,True
P5D-S03-SMALL-M0,JSS-S03,S03-SMALL,M0_AUDIT_OFF,run_03,0.667048699920997,0.570554600097239,0.46875,76480512,0.08896020008251071,0.004933000076562166,0.0,0.0,0,0,20,9,20,0,0,0,c7a7cf7f4accf1c350aab1b6174b6e72d2cb8fd45660bbdafc7d0122f81b8708,e6b984799d5526f50d66931926441e3de3f8dee1dc1467c33ff975b62f617124,True
P5D-S03-SMALL-M0,JSS-S03,S03-SMALL,M0_AUDIT_OFF,run_04,0.6580690999981016,0.5580000998452306,0.46875,76271616,0.08729489985853434,0.004777400055900216,0.0,0.0,0,0,20,9,20,0,0,0,c7a7cf7f4accf1c350aab1b6174b6e72d2cb8fd45660bbdafc7d0122f81b8708,e6b984799d5526f50d66931926441e3de3f8dee1dc1467c33ff975b62f617124,True
P5D-S03-SMALL-M0,JSS-S03,S03-SMALL,M0_AUDIT_OFF,run_05,0.6968055998440832,0.5927006998099387,0.53125,77037568,0.09032219997607172,0.005315300077199936,0.0,0.0,0,0,20,9,20,0,0,0,c7a7cf7f4accf1c350aab1b6174b6e72d2cb8fd45660bbdafc7d0122f81b8708,e6b984799d5526f50d66931926441e3de3f8dee1dc1467c33ff975b62f617124,True
P5D-S03-SMALL-M0,JSS-S03,S03-SMALL,M0_AUDIT_OFF,run_06,0.6906944001093507,0.5923538999632001,0.484375,76464128,0.0948175999801606,0.00529509992338717,0.0,0.0,0,0,20,9,20,0,0,0,c7a7cf7f4accf1c350aab1b6174b6e72d2cb8fd45660bbdafc7d0122f81b8708,e6b984799d5526f50d66931926441e3de3f8dee1dc1467c33ff975b62f617124,True
P5D-S03-SMALL-M0,JSS-S03,S03-SMALL,M0_AUDIT_OFF,run_07,0.6746500001754612,0.5751388999633491,0.53125,76824576,0.09235689998604357,0.004893899895250797,0.0,0.0,0,0,20,9,20,0,0,0,c7a7cf7f4accf1c350aab1b6174b6e72d2cb8fd45660bbdafc7d0122f81b8708,e6b984799d5526f50d66931926441e3de3f8dee1dc1467c33ff975b62f617124,True
P5D-S03-SMALL-M0,JSS-S03,S03-SMALL,M0_AUDIT_OFF,run_08,0.6824030999559909,0.5796892000362277,0.5,76369920,0.09472239995375276,0.005261700134724379,0.0,0.0,0,0,20,9,20,0,0,0,c7a7cf7f4accf1c350aab1b6174b6e72d2cb8fd45660bbdafc7d0122f81b8708,e6b984799d5526f50d66931926441e3de3f8dee1dc1467c33ff975b62f617124,True
P5D-S03-SMALL-M0,JSS-S03,S03-SMALL,M0_AUDIT_OFF,run_09,0.6816922998987138,0.579478400060907,0.484375,76689408,0.09109330014325678,0.005004399921745062,0.0,0.0,0,0,20,9,20,0,0,0,c7a7cf7f4accf1c350aab1b6174b6e72d2cb8fd45660bbdafc7d0122f81b8708,e6b984799d5526f50d66931926441e3de3f8dee1dc1467c33ff975b62f617124,True
P5D-S03-SMALL-M0,JSS-S03,S03-SMALL,M0_AUDIT_OFF,run_10,0.6755655999295413,0.5736726000905037,0.53125,76775424,0.09607600001618266,0.004723000107333064,0.0,0.0,0,0,20,9,20,0,0,0,c7a7cf7f4accf1c350aab1b6174b6e72d2cb8fd45660bbdafc7d0122f81b8708,e6b984799d5526f50d66931926441e3de3f8dee1dc1467c33ff975b62f617124,True
P5D-S03-SMALL-M3,JSS-S03,S03-SMALL,M3_GENERIC_REPLAY,run_01,0.6784630999900401,0.5839245000388473,0.515625,76787712,0.08802510006353259,0.004659899976104498,0.00024360022507607937,0.00020420015789568424,504,0,20,9,20,2,2,2,c7a7cf7f4accf1c350aab1b6174b6e72d2cb8fd45660bbdafc7d0122f81b8708,e6b984799d5526f50d66931926441e3de3f8dee1dc1467c33ff975b62f617124,True
P5D-S03-SMALL-M3,JSS-S03,S03-SMALL,M3_GENERIC_REPLAY,run_02,0.6672193999402225,0.5684547999408096,0.53125,76603392,0.08957990002818406,0.004807700170204043,6.309989839792252e-05,2.269982360303402e-05,504,0,20,9,20,2,2,2,c7a7cf7f4accf1c350aab1b6174b6e72d2cb8fd45660bbdafc7d0122f81b8708,e6b984799d5526f50d66931926441e3de3f8dee1dc1467c33ff975b62f617124,True
P5D-S03-SMALL-M3,JSS-S03,S03-SMALL,M3_GENERIC_REPLAY,run_03,0.6351354999933392,0.5432098000310361,0.515625,76673024,0.08786830003373325,0.005618100054562092,8.119991980493069e-05,2.0399922505021095e-05,504,0,20,9,20,2,2,2,c7a7cf7f4accf1c350aab1b6174b6e72d2cb8fd45660bbdafc7d0122f81b8708,e6b984799d5526f50d66931926441e3de3f8dee1dc1467c33ff975b62f617124,True
P5D-S03-SMALL-M3,JSS-S03,S03-SMALL,M3_GENERIC_REPLAY,run_04,0.6700637999456376,0.564932500012219,0.46875,76234752,0.0865597000811249,0.005178000079467893,5.979998968541622e-05,2.1999934688210487e-05,504,0,20,9,20,2,2,2,c7a7cf7f4accf1c350aab1b6174b6e72d2cb8fd45660bbdafc7d0122f81b8708,e6b984799d5526f50d66931926441e3de3f8dee1dc1467c33ff975b62f617124,True
P5D-S03-SMALL-M3,JSS-S03,S03-SMALL,M3_GENERIC_REPLAY,run_05,0.6813404001295567,0.5752989000175148,0.546875,76693504,0.08618790004402399,0.0057512999046593904,5.770009011030197e-05,2.219993621110916e-05,504,0,20,9,20,2,2,2,c7a7cf7f4accf1c350aab1b6174b6e72d2cb8fd45660bbdafc7d0122f81b8708,e6b984799d5526f50d66931926441e3de3f8dee1dc1467c33ff975b62f617124,True
P5D-S03-SMALL-M3,JSS-S03,S03-SMALL,M3_GENERIC_REPLAY,run_06,0.6560879000462592,0.5620482000522316,0.546875,76677120,0.08802990010008216,0.00512459990568459,5.4800184443593025e-05,2.0900042727589607e-05,504,0,20,9,20,2,2,2,c7a7cf7f4accf1c350aab1b6174b6e72d2cb8fd45660bbdafc7d0122f81b8708,e6b984799d5526f50d66931926441e3de3f8dee1dc1467c33ff975b62f617124,True
P5D-S03-SMALL-M3,JSS-S03,S03-SMALL,M3_GENERIC_REPLAY,run_07,0.6611967999488115,0.5628665001131594,0.53125,76693504,0.09076240006834269,0.006290300050750375,7.209996692836285e-05,2.269982360303402e-05,504,0,20,9,20,2,2,2,c7a7cf7f4accf1c350aab1b6174b6e72d2cb8fd45660bbdafc7d0122f81b8708,e6b984799d5526f50d66931926441e3de3f8dee1dc1467c33ff975b62f617124,True
P5D-S03-SMALL-M3,JSS-S03,S03-SMALL,M3_GENERIC_REPLAY,run_08,0.6814242000691593,0.5842899999115616,0.5,76390400,0.0899084999691695,0.004690499976277351,6.170012056827545e-05,2.00001522898674e-05,504,0,20,9,20,2,2,2,c7a7cf7f4accf1c350aab1b6174b6e72d2cb8fd45660bbdafc7d0122f81b8708,e6b984799d5526f50d66931926441e3de3f8dee1dc1467c33ff975b62f617124,True
P5D-S03-SMALL-M3,JSS-S03,S03-SMALL,M3_GENERIC_REPLAY,run_09,0.6992689999751747,0.5984087001997977,0.5,76673024,0.09309390000998974,0.005144699942320585,6.38000201433897e-05,2.2399937734007835e-05,504,0,20,9,20,2,2,2,c7a7cf7f4accf1c350aab1b6174b6e72d2cb8fd45660bbdafc7d0122f81b8708,e6b984799d5526f50d66931926441e3de3f8dee1dc1467c33ff975b62f617124,True
P5D-S03-SMALL-M3,JSS-S03,S03-SMALL,M3_GENERIC_REPLAY,run_10,0.6864698000717908,0.5868788999505341,0.546875,76775424,0.09401670005172491,0.005428500007838011,6.789993494749069e-05,2.8999987989664078e-05,504,0,20,9,20,2,2,2,c7a7cf7f4accf1c350aab1b6174b6e72d2cb8fd45660bbdafc7d0122f81b8708,e6b984799d5526f50d66931926441e3de3f8dee1dc1467c33ff975b62f617124,True
P5D-S03-SMALL-M6,JSS-S03,S03-SMALL,M6_FULL_TLA,run_01,0.6760083998087794,0.5821795000229031,0.53125,76906496,0.09323899983428419,0.0050200000405311584,0.0010001999326050282,0.0009594999719411135,504,36836,20,9,20,2,2,2,c7a7cf7f4accf1c350aab1b6174b6e72d2cb8fd45660bbdafc7d0122f81b8708,e6b984799d5526f50d66931926441e3de3f8dee1dc1467c33ff975b62f617124,True
P5D-S03-SMALL-M6,JSS-S03,S03-SMALL,M6_FULL_TLA,run_02,0.6421292999293655,0.5511867001187056,0.53125,76566528,0.09114770009182394,0.005020200042054057,0.0009278999641537666,0.0008934000506997108,504,36836,20,9,20,2,2,2,c7a7cf7f4accf1c350aab1b6174b6e72d2cb8fd45660bbdafc7d0122f81b8708,e6b984799d5526f50d66931926441e3de3f8dee1dc1467c33ff975b62f617124,True
P5D-S03-SMALL-M6,JSS-S03,S03-SMALL,M6_FULL_TLA,run_03,0.6939230000134557,0.6003153000492603,0.515625,76857344,0.090717300074175,0.0049223999958485365,0.0019308000337332487,0.0018978000152856112,504,36836,20,9,20,2,2,2,c7a7cf7f4accf1c350aab1b6174b6e72d2cb8fd45660bbdafc7d0122f81b8708,e6b984799d5526f50d66931926441e3de3f8dee1dc1467c33ff975b62f617124,True
P5D-S03-SMALL-M6,JSS-S03,S03-SMALL,M6_FULL_TLA,run_04,0.6700949999503791,0.5739484999794513,0.53125,76791808,0.09132030000910163,0.005504600005224347,0.0010039997287094593,0.0009675999172031879,504,36836,20,9,20,2,2,2,c7a7cf7f4accf1c350aab1b6174b6e72d2cb8fd45660bbdafc7d0122f81b8708,e6b984799d5526f50d66931926441e3de3f8dee1dc1467c33ff975b62f617124,True
P5D-S03-SMALL-M6,JSS-S03,S03-SMALL,M6_FULL_TLA,run_05,0.6944456999190152,0.5961839000228792,0.515625,76730368,0.09731260011903942,0.005136300111189485,0.0010031000711023808,0.0009665000252425671,504,36836,20,9,20,2,2,2,c7a7cf7f4accf1c350aab1b6174b6e72d2cb8fd45660bbdafc7d0122f81b8708,e6b984799d5526f50d66931926441e3de3f8dee1dc1467c33ff975b62f617124,True
P5D-S03-SMALL-M6,JSS-S03,S03-SMALL,M6_FULL_TLA,run_06,0.6651562000624835,0.5657947000581771,0.46875,76517376,0.09174320008605719,0.004762300057336688,0.0009581998456269503,0.0009217998012900352,504,36836,20,9,20,2,2,2,c7a7cf7f4accf1c350aab1b6174b6e72d2cb8fd45660bbdafc7d0122f81b8708,e6b984799d5526f50d66931926441e3de3f8dee1dc1467c33ff975b62f617124,True
P5D-S03-SMALL-M6,JSS-S03,S03-SMALL,M6_FULL_TLA,run_07,0.6603832999244332,0.5654879999347031,0.515625,76414976,0.09238950000144541,0.005390800070017576,0.0011972999200224876,0.001160099869593978,504,36836,20,9,20,2,2,2,c7a7cf7f4accf1c350aab1b6174b6e72d2cb8fd45660bbdafc7d0122f81b8708,e6b984799d5526f50d66931926441e3de3f8dee1dc1467c33ff975b62f617124,True
P5D-S03-SMALL-M6,JSS-S03,S03-SMALL,M6_FULL_TLA,run_08,0.646415599854663,0.5521354998927563,0.484375,76779520,0.09053769987076521,0.004970199894160032,0.0009886000771075487,0.0009496000129729509,504,36836,20,9,20,2,2,2,c7a7cf7f4accf1c350aab1b6174b6e72d2cb8fd45660bbdafc7d0122f81b8708,e6b984799d5526f50d66931926441e3de3f8dee1dc1467c33ff975b62f617124,True
P5D-S03-SMALL-M6,JSS-S03,S03-SMALL,M6_FULL_TLA,run_09,0.6880894000642002,0.5912009000312537,0.515625,76279808,0.09831160004250705,0.005326200043782592,0.0010188999585807323,0.0009796000085771084,504,36836,20,9,20,2,2,2,c7a7cf7f4accf1c350aab1b6174b6e72d2cb8fd45660bbdafc7d0122f81b8708,e6b984799d5526f50d66931926441e3de3f8dee1dc1467c33ff975b62f617124,True
P5D-S03-SMALL-M6,JSS-S03,S03-SMALL,M6_FULL_TLA,run_10,0.679988699965179,0.5811166001949459,0.484375,76886016,0.09262760006822646,0.004629699978977442,0.0009979999158531427,0.0009598999749869108,504,36836,20,9,20,2,2,2,c7a7cf7f4accf1c350aab1b6174b6e72d2cb8fd45660bbdafc7d0122f81b8708,e6b984799d5526f50d66931926441e3de3f8dee1dc1467c33ff975b62f617124,True
P5D-S03-MEDIUM-M0,JSS-S03,S03-MEDIUM,M0_AUDIT_OFF,run_01,0.7853639998938888,0.6579657001420856,0.578125,78344192,0.08822629996575415,0.03713289997540414,0.0,0.0,0,0,160,72,160,0,0,0,c423e4d9ad9a6dd196062e227111fb39477f7ddf90f966e43d567046b81f5568,4bbc11a0e836a9081a81a0ba2c157c36256c088df4319318793d75fe87d1b33f,True
P5D-S03-MEDIUM-M0,JSS-S03,S03-MEDIUM,M0_AUDIT_OFF,run_02,0.7587009000126272,0.6339695998467505,0.59375,78290944,0.09575999993830919,0.042193799978122115,0.0,0.0,0,0,160,72,160,0,0,0,c423e4d9ad9a6dd196062e227111fb39477f7ddf90f966e43d567046b81f5568,4bbc11a0e836a9081a81a0ba2c157c36256c088df4319318793d75fe87d1b33f,True
P5D-S03-MEDIUM-M0,JSS-S03,S03-MEDIUM,M0_AUDIT_OFF,run_03,0.7984760999679565,0.6413066999521106,0.578125,78467072,0.09689919999800622,0.03838680009357631,0.0,0.0,0,0,160,72,160,0,0,0,c423e4d9ad9a6dd196062e227111fb39477f7ddf90f966e43d567046b81f5568,4bbc11a0e836a9081a81a0ba2c157c36256c088df4319318793d75fe87d1b33f,True
P5D-S03-MEDIUM-M0,JSS-S03,S03-MEDIUM,M0_AUDIT_OFF,run_04,0.7575589001644403,0.6249418999068439,0.625,78495744,0.09680089983157814,0.03851659991778433,0.0,0.0,0,0,160,72,160,0,0,0,c423e4d9ad9a6dd196062e227111fb39477f7ddf90f966e43d567046b81f5568,4bbc11a0e836a9081a81a0ba2c157c36256c088df4319318793d75fe87d1b33f,True
P5D-S03-MEDIUM-M0,JSS-S03,S03-MEDIUM,M0_AUDIT_OFF,run_05,0.7315920998807997,0.612148700049147,0.53125,78336000,0.08983640000224113,0.03501589992083609,0.0,0.0,0,0,160,72,160,0,0,0,c423e4d9ad9a6dd196062e227111fb39477f7ddf90f966e43d567046b81f5568,4bbc11a0e836a9081a81a0ba2c157c36256c088df4319318793d75fe87d1b33f,True
P5D-S03-MEDIUM-M0,JSS-S03,S03-MEDIUM,M0_AUDIT_OFF,run_06,0.7173782999161631,0.5984145000111312,0.546875,78299136,0.08728439989499748,0.03592119994573295,0.0,0.0,0,0,160,72,160,0,0,0,c423e4d9ad9a6dd196062e227111fb39477f7ddf90f966e43d567046b81f5568,4bbc11a0e836a9081a81a0ba2c157c36256c088df4319318793d75fe87d1b33f,True
P5D-S03-MEDIUM-M0,JSS-S03,S03-MEDIUM,M0_AUDIT_OFF,run_07,0.7314742999151349,0.6042571999132633,0.515625,78032896,0.0935213000047952,0.034988399827852845,0.0,0.0,0,0,160,72,160,0,0,0,c423e4d9ad9a6dd196062e227111fb39477f7ddf90f966e43d567046b81f5568,4bbc11a0e836a9081a81a0ba2c157c36256c088df4319318793d75fe87d1b33f,True
P5D-S03-MEDIUM-M0,JSS-S03,S03-MEDIUM,M0_AUDIT_OFF,run_08,0.7805544000584632,0.6570959000382572,0.546875,78237696,0.09645610000006855,0.038164000026881695,0.0,0.0,0,0,160,72,160,0,0,0,c423e4d9ad9a6dd196062e227111fb39477f7ddf90f966e43d567046b81f5568,4bbc11a0e836a9081a81a0ba2c157c36256c088df4319318793d75fe87d1b33f,True
P5D-S03-MEDIUM-M0,JSS-S03,S03-MEDIUM,M0_AUDIT_OFF,run_09,0.7231606000568718,0.6143078999593854,0.578125,78237696,0.09391020005568862,0.03308279998600483,0.0,0.0,0,0,160,72,160,0,0,0,c423e4d9ad9a6dd196062e227111fb39477f7ddf90f966e43d567046b81f5568,4bbc11a0e836a9081a81a0ba2c157c36256c088df4319318793d75fe87d1b33f,True
P5D-S03-MEDIUM-M0,JSS-S03,S03-MEDIUM,M0_AUDIT_OFF,run_10,0.7186959001701325,0.6096137000713497,0.515625,78209024,0.09497270011343062,0.035568099934607744,0.0,0.0,0,0,160,72,160,0,0,0,c423e4d9ad9a6dd196062e227111fb39477f7ddf90f966e43d567046b81f5568,4bbc11a0e836a9081a81a0ba2c157c36256c088df4319318793d75fe87d1b33f,True
P5D-S03-MEDIUM-M3,JSS-S03,S03-MEDIUM,M3_GENERIC_REPLAY,run_01,0.6865881001576781,0.5757487998344004,0.53125,77852672,0.0860700998455286,0.033564499812200665,0.00025170017033815384,3.1700124964118004e-05,504,0,160,72,160,16,16,16,c423e4d9ad9a6dd196062e227111fb39477f7ddf90f966e43d567046b81f5568,4bbc11a0e836a9081a81a0ba2c157c36256c088df4319318793d75fe87d1b33f,True
P5D-S03-MEDIUM-M3,JSS-S03,S03-MEDIUM,M3_GENERIC_REPLAY,run_02,0.7273214999586344,0.6149124000221491,0.5625,78016512,0.09578610002063215,0.034528099931776524,0.00022440007887780666,2.350006252527237e-05,504,0,160,72,160,16,16,16,c423e4d9ad9a6dd196062e227111fb39477f7ddf90f966e43d567046b81f5568,4bbc11a0e836a9081a81a0ba2c157c36256c088df4319318793d75fe87d1b33f,True
P5D-S03-MEDIUM-M3,JSS-S03,S03-MEDIUM,M3_GENERIC_REPLAY,run_03,0.7017842000350356,0.5887148000765592,0.546875,78147584,0.0835935000795871,0.03359450004063547,0.00024170009419322014,2.4800188839435577e-05,504,0,160,72,160,16,16,16,c423e4d9ad9a6dd196062e227111fb39477f7ddf90f966e43d567046b81f5568,4bbc11a0e836a9081a81a0ba2c157c36256c088df4319318793d75fe87d1b33f,True
P5D-S03-MEDIUM-M3,JSS-S03,S03-MEDIUM,M3_GENERIC_REPLAY,run_04,0.7336524000857025,0.610302499961108,0.59375,78090240,0.09378069988451898,0.036683599930256605,0.0003770999610424042,3.900006413459778e-05,504,0,160,72,160,16,16,16,c423e4d9ad9a6dd196062e227111fb39477f7ddf90f966e43d567046b81f5568,4bbc11a0e836a9081a81a0ba2c157c36256c088df4319318793d75fe87d1b33f,True
P5D-S03-MEDIUM-M3,JSS-S03,S03-MEDIUM,M3_GENERIC_REPLAY,run_05,0.7308250998612493,0.6153568001464009,0.53125,78336000,0.09247989999130368,0.035628699930384755,0.000242199981585145,2.410006709396839e-05,504,0,160,72,160,16,16,16,c423e4d9ad9a6dd196062e227111fb39477f7ddf90f966e43d567046b81f5568,4bbc11a0e836a9081a81a0ba2c157c36256c088df4319318793d75fe87d1b33f,True
P5D-S03-MEDIUM-M3,JSS-S03,S03-MEDIUM,M3_GENERIC_REPLAY,run_06,0.7321814000606537,0.61052479990758,0.578125,78557184,0.09209789987653494,0.03531419998034835,0.0003847999032586813,2.559996210038662e-05,504,0,160,72,160,16,16,16,c423e4d9ad9a6dd196062e227111fb39477f7ddf90f966e43d567046b81f5568,4bbc11a0e836a9081a81a0ba2c157c36256c088df4319318793d75fe87d1b33f,True
P5D-S03-MEDIUM-M3,JSS-S03,S03-MEDIUM,M3_GENERIC_REPLAY,run_07,0.7178595999721438,0.6015618999954313,0.546875,78069760,0.09179219999350607,0.03743149992078543,0.00025299983099102974,2.4799956008791924e-05,504,0,160,72,160,16,16,16,c423e4d9ad9a6dd196062e227111fb39477f7ddf90f966e43d567046b81f5568,4bbc11a0e836a9081a81a0ba2c157c36256c088df4319318793d75fe87d1b33f,True
P5D-S03-MEDIUM-M3,JSS-S03,S03-MEDIUM,M3_GENERIC_REPLAY,run_08,0.7570776001084596,0.6398094999603927,0.5625,78311424,0.09675669996067882,0.03911429992876947,0.00028680008836090565,2.6900088414549828e-05,504,0,160,72,160,16,16,16,c423e4d9ad9a6dd196062e227111fb39477f7ddf90f966e43d567046b81f5568,4bbc11a0e836a9081a81a0ba2c157c36256c088df4319318793d75fe87d1b33f,True
P5D-S03-MEDIUM-M3,JSS-S03,S03-MEDIUM,M3_GENERIC_REPLAY,run_09,0.7182577999774367,0.5989513001404703,0.53125,77987840,0.08989190007559955,0.03341559995897114,0.0002501998096704483,2.4499837309122086e-05,504,0,160,72,160,16,16,16,c423e4d9ad9a6dd196062e227111fb39477f7ddf90f966e43d567046b81f5568,4bbc11a0e836a9081a81a0ba2c157c36256c088df4319318793d75fe87d1b33f,True
P5D-S03-MEDIUM-M3,JSS-S03,S03-MEDIUM,M3_GENERIC_REPLAY,run_10,0.7129957999568433,0.5955231001134962,0.59375,78290944,0.09404590004123747,0.03727570013143122,0.0002410002052783966,2.3700064048171043e-05,504,0,160,72,160,16,16,16,c423e4d9ad9a6dd196062e227111fb39477f7ddf90f966e43d567046b81f5568,4bbc11a0e836a9081a81a0ba2c157c36256c088df4319318793d75fe87d1b33f,True
P5D-S03-MEDIUM-M6,JSS-S03,S03-MEDIUM,M6_FULL_TLA,run_01,0.7207843000069261,0.6088972000870854,0.578125,78667776,0.09384740004315972,0.03636749996803701,0.008158999728038907,0.007829199777916074,504,289844,160,72,160,16,16,16,c423e4d9ad9a6dd196062e227111fb39477f7ddf90f966e43d567046b81f5568,4bbc11a0e836a9081a81a0ba2c157c36256c088df4319318793d75fe87d1b33f,True
P5D-S03-MEDIUM-M6,JSS-S03,S03-MEDIUM,M6_FULL_TLA,run_02,0.7131925001740456,0.6038895999081433,0.53125,78049280,0.08804039983078837,0.03582220012322068,0.008138000033795834,0.007751500001177192,504,289844,160,72,160,16,16,16,c423e4d9ad9a6dd196062e227111fb39477f7ddf90f966e43d567046b81f5568,4bbc11a0e836a9081a81a0ba2c157c36256c088df4319318793d75fe87d1b33f,True
P5D-S03-MEDIUM-M6,JSS-S03,S03-MEDIUM,M6_FULL_TLA,run_03,0.7381712000351399,0.6218738001771271,0.5625,78123008,0.09343310003168881,0.034139900002628565,0.00784769980236888,0.007622099947184324,504,289844,160,72,160,16,16,16,c423e4d9ad9a6dd196062e227111fb39477f7ddf90f966e43d567046b81f5568,4bbc11a0e836a9081a81a0ba2c157c36256c088df4319318793d75fe87d1b33f,True
P5D-S03-MEDIUM-M6,JSS-S03,S03-MEDIUM,M6_FULL_TLA,run_04,0.7146925998385996,0.6015019998885691,0.546875,78581760,0.09244999988004565,0.035765400156378746,0.008061999920755625,0.00786010012961924,504,289844,160,72,160,16,16,16,c423e4d9ad9a6dd196062e227111fb39477f7ddf90f966e43d567046b81f5568,4bbc11a0e836a9081a81a0ba2c157c36256c088df4319318793d75fe87d1b33f,True
P5D-S03-MEDIUM-M6,JSS-S03,S03-MEDIUM,M6_FULL_TLA,run_05,0.7407279000617564,0.6280429000034928,0.515625,78192640,0.09305779985152185,0.03403730015270412,0.01605129987001419,0.015831999946385622,504,289844,160,72,160,16,16,16,c423e4d9ad9a6dd196062e227111fb39477f7ddf90f966e43d567046b81f5568,4bbc11a0e836a9081a81a0ba2c157c36256c088df4319318793d75fe87d1b33f,True
P5D-S03-MEDIUM-M6,JSS-S03,S03-MEDIUM,M6_FULL_TLA,run_06,0.7387928999960423,0.6180473000276834,0.578125,78073856,0.08332610013894737,0.04526960011571646,0.007979900110512972,0.007768400013446808,504,289844,160,72,160,16,16,16,c423e4d9ad9a6dd196062e227111fb39477f7ddf90f966e43d567046b81f5568,4bbc11a0e836a9081a81a0ba2c157c36256c088df4319318793d75fe87d1b33f,True
P5D-S03-MEDIUM-M6,JSS-S03,S03-MEDIUM,M6_FULL_TLA,run_07,0.7219812001567334,0.6029356999788433,0.578125,78647296,0.08843460003845394,0.03446340002119541,0.008221199968829751,0.007981000002473593,504,289844,160,72,160,16,16,16,c423e4d9ad9a6dd196062e227111fb39477f7ddf90f966e43d567046b81f5568,4bbc11a0e836a9081a81a0ba2c157c36256c088df4319318793d75fe87d1b33f,True
P5D-S03-MEDIUM-M6,JSS-S03,S03-MEDIUM,M6_FULL_TLA,run_08,0.7376202000305057,0.6272493000142276,0.5,78467072,0.09040790004655719,0.04328379989601672,0.007588299922645092,0.007375200046226382,504,289844,160,72,160,16,16,16,c423e4d9ad9a6dd196062e227111fb39477f7ddf90f966e43d567046b81f5568,4bbc11a0e836a9081a81a0ba2c157c36256c088df4319318793d75fe87d1b33f,True
P5D-S03-MEDIUM-M6,JSS-S03,S03-MEDIUM,M6_FULL_TLA,run_09,0.738061900017783,0.6070588000584394,0.515625,78675968,0.0880133998580277,0.0339088998734951,0.008386299945414066,0.008136000018566847,504,289844,160,72,160,16,16,16,c423e4d9ad9a6dd196062e227111fb39477f7ddf90f966e43d567046b81f5568,4bbc11a0e836a9081a81a0ba2c157c36256c088df4319318793d75fe87d1b33f,True
P5D-S03-MEDIUM-M6,JSS-S03,S03-MEDIUM,M6_FULL_TLA,run_10,0.7404899999964982,0.6191829999443144,0.578125,78331904,0.09366779983974993,0.03535539982840419,0.008351200027391315,0.00812070001848042,504,289844,160,72,160,16,16,16,c423e4d9ad9a6dd196062e227111fb39477f7ddf90f966e43d567046b81f5568,4bbc11a0e836a9081a81a0ba2c157c36256c088df4319318793d75fe87d1b33f,True
