case_id,case_family,model_variant,history_id,host_event_requirement,comparison_target,expected_execution_status,expected_comparison_eligibility,expected_primary_verdict,expected_secondary_observable,expected_case_contract_pass,formal_repetitions,processes_per_repetition,threads_per_process,prerequisite,claim_boundary
P4D-REF-01,reference,safe_elastic_manufactured,H_REFERENCE,"DOLFINx assembly and positive PETSc reason","analytical solution on N=4/8/16","VALID_EXECUTION","NOT_LIFECYCLE_REFERENCE","REFERENCE_GATE_PASS","L2/H1 convergence and equilibrium",true,2,1,1,"C bridge attachment zero-case gate","assembly verification only"
P4D-CONST-01,constitutive_oracle,safe_transactional_material,H_MATERIAL_PACKET,"none beyond deterministic material evaluator","exact elastic and plastic Fraction packets","VALID_EXECUTION","NOT_LIFECYCLE_REFERENCE","CONSTITUTIVE_ORACLE_PASS","exact stress candidate history and tangent",true,2,1,1,"P4D-REF-01","material update only; no host lifecycle claim"
P4D-SAFE-DIR-01,safe_baseline,safe_transactional,H_DIRECT,"DOLFINx residual/Jacobian and positive PETSc reason","frozen accepted load path and duplicate run","VALID_EXECUTION","ELIGIBLE_LIFECYCLE_COMPARISON","PASS_REPLAY_INVARIANCE_WITHIN_TESTED_CLASS","zero committed/provenance violations",true,2,1,1,"P4D-CONST-01","serial bounded baseline"
P4D-SAFE-LS-01,native_linesearch,safe_transactional_declared_lag,H_NATIVE_LINESEARCH,"C-observed PETSc-native nonaccepted line-search candidate","P4D-SAFE-DIR-01 at common accepted loads","VALID_EXECUTION","ELIGIBLE_LIFECYCLE_COMPARISON","PASS_REPLAY_INVARIANCE_WITHIN_TESTED_CLASS","accepted-field parity with different iterations allowed",true,2,1,1,"P4D-SAFE-DIR-01 and at least one structured lambda<1 event","host-native line-search coverage only"
P4D-SAFE-RT-01,driver_retry,safe_transactional,H_DRIVER_RETRY,"negative PETSc SNES reason for frozen max_it=1 attempt","P4D-SAFE-DIR-01 at replay lambda=0.10 and later accepted loads","VALID_EXECUTION","ELIGIBLE_LIFECYCLE_COMPARISON","PASS_REPLAY_INVARIANCE_WITHIN_TESTED_CLASS","exact committed restoration and scaled operator parity",true,2,1,1,"P4D-SAFE-LS-01 and frozen failed-attempt reason","author-driver retry; not PETSc TS rollback"
P4D-SAFE-RS-01,fresh_process_restart,safe_transactional,H_RESTART,"fresh process reads author checkpoint written after accept","continuous P4D-SAFE-DIR-01 after lambda=0.12","VALID_EXECUTION","ELIGIBLE_LIFECYCLE_COMPARISON","PASS_REPLAY_INVARIANCE_WITHIN_TESTED_CLASS","checkpoint provenance and accepted-field parity",true,2,1,1,"P4D-SAFE-RT-01","author checkpoint/restart only"
P4D-NC-CACHE-01,negative_control,unsafe_trial_cache,H_CACHE_NEGATIVE,"same frozen failed attempt as H_DRIVER_RETRY","safe retry at replay lambda=0.10","VALID_EXECUTION","ELIGIBLE_LIFECYCLE_COMPARISON","FAIL_PERSISTENT_STATE_RESTORATION","finite operator replay drift expected above 1e-10",true,2,1,1,"P4D-SAFE-RT-01","one seeded cache mechanism; no completeness claim"
P4D-NC-OUTPUT-01,negative_control,unsafe_rejected_output,H_OUTPUT_NEGATIVE,"same frozen failed attempt as H_DRIVER_RETRY","safe retry accepted-output ledger","VALID_EXECUTION","ELIGIBLE_LIFECYCLE_COMPARISON","FAIL_REJECTED_CANDIDATE_REACHABILITY","physics may remain equal while semantic provenance fails",true,2,1,1,"P4D-SAFE-RT-01","one output-provenance mutation"
P4D-VER-01,protective_guard,undeclared_tangent_version,H_VERSION_GUARD,"version guard before PETSc correction","matched finite packet with identical numerical values","VALID_EXECUTION","ELIGIBLE_LIFECYCLE_COMPARISON","EXPECTED_REJECT_OPERATOR_VERSION_MISMATCH_BEFORE_CORRECTION","Delta residual=0 and Delta tangent=0; metadata relation false",true,2,1,1,"P4D-CONST-01","protective rejection; no convergence superiority claim"
